id,verdict,why,memory,evidence,source,stated_by_source,reviewer_note
crm-06,not_supported,numeri o date assenti nella fonte: 15,Termoidraulica Alfa avrà 15 tecnici entro l'estate.,Paolo Ferri: Al momento abbiamo 12 tecnici sul campo e ognuno usa la vostra app sul tablet. Entro l'estate ne assumiamo altri tre.,Paolo Ferri: Al momento abbiamo 12 tecnici sul campo e ognuno usa la vostra app sul tablet. Entro l'estate ne assumiamo altri tre.,no,filled from the answer key in pairs.jsonl
pa-09,not_supported,la fonte non lo dice (sostegno massimo p=0.00),The user is strictly vegan.,"User: I switched to a vegetarian diet last month, but I still eat fish now and then.","User: I switched to a vegetarian diet last month, but I still eat fish now and then.",no,filled from the answer key in pairs.jsonl
crm-12,not_supported,la fonte non lo dice (sostegno massimo p=0.01),Giulia Zefiro è la socia fondatrice dello Studio Zefiro & Partners.,"Email di Giulia Zefiro (ufficio legale, Studio Zefiro & Partners), 14 febbraio: confermo che la riunione per la firma è spostata a giovedì 20 febbraio alle 15:00, presso la nostra sede di via Solferino.","Email di Giulia Zefiro (ufficio legale, Studio Zefiro & Partners), 14 febbraio: confermo che la riunione per la firma è spostata a giovedì 20 febbraio alle 15:00, presso la nostra sede di via Solferino.",no,filled from the answer key in pairs.jsonl
crm-16,not_supported,la fonte non lo dice (sostegno massimo p=0.00),Ortofrutta Gamma ha già scelto il nostro modulo magazzino.,Nota della chiamata con Marta Villa (Ortofrutta Gamma): gestiscono ancora gli ordini con fogli Excel e vorrebbero una demo del modulo magazzino prima di decidere.,Nota della chiamata con Marta Villa (Ortofrutta Gamma): gestiscono ancora gli ordini con fogli Excel e vorrebbero una demo del modulo magazzino prima di decidere. Budget non ancora definito.,no,filled from the answer key in pairs.jsonl
pa-06,not_supported,numeri o date assenti nella fonte: six,The user's daughter Sofia is six years old.,"User: My daughter Sofia starts primary school in September, so mornings are going to be chaos. Don't schedule anything before 9:30 on weekdays.","User: My daughter Sofia starts primary school in September, so mornings are going to be chaos. Don't schedule anything before 9:30 on weekdays.",no,filled from the answer key in pairs.jsonl
pa-02,not_supported,la fonte non lo dice (sostegno massimo p=0.01),The user is attending the Lisbon conference with a colleague.,"User: I'm flying to Lisbon on the 14th for the conference, back on the 18th.","User: I'm flying to Lisbon on the 14th for the conference, back on the 18th. Can you remind me to book the airport transfer?",no,filled from the answer key in pairs.jsonl
crm-07,not_supported,la fonte non lo dice (sostegno massimo p=0.04),I tecnici di Termoidraulica Alfa usano l'app sullo smartphone.,Paolo Ferri: Al momento abbiamo 12 tecnici sul campo e ognuno usa la vostra app sul tablet. Entro l'estate ne assumiamo altri tre.,Paolo Ferri: Al momento abbiamo 12 tecnici sul campo e ognuno usa la vostra app sul tablet. Entro l'estate ne assumiamo altri tre.,no,filled from the answer key in pairs.jsonl
crm-09,not_supported,numeri o date assenti nella fonte: 4.000,Il ritardo del tecnico è costato a Termoidraulica Alfa 4.000 euro.,Paolo Ferri: L'ultima volta il vostro tecnico è arrivato con due giorni di ritardo e abbiamo dovuto fermare un cantiere. Non deve ripetersi.,Paolo Ferri: L'ultima volta il vostro tecnico è arrivato con due giorni di ritardo e abbiamo dovuto fermare un cantiere. Non deve ripetersi.,no,filled from the answer key in pairs.jsonl
pa-03,not_supported,numeri o date assenti nella fonte: 19th,The user returns from Lisbon on the 19th.,"User: I'm flying to Lisbon on the 14th for the conference, back on the 18th.","User: I'm flying to Lisbon on the 14th for the conference, back on the 18th. Can you remind me to book the airport transfer?",no,filled from the answer key in pairs.jsonl
crm-14,not_supported,numeri o date assenti nella fonte: 20.000,Ortofrutta Gamma ha un budget di 20.000 euro per il modulo magazzino.,Nota della chiamata con Marta Villa (Ortofrutta Gamma): gestiscono ancora gli ordini con fogli Excel e vorrebbero una demo del modulo magazzino prima di decidere. Budget non ancora definito.,Nota della chiamata con Marta Villa (Ortofrutta Gamma): gestiscono ancora gli ordini con fogli Excel e vorrebbero una demo del modulo magazzino prima di decidere. Budget non ancora definito.,no,filled from the answer key in pairs.jsonl
crm-04,not_supported,numeri o date assenti nella fonte: 15%,Termoidraulica Alfa chiede uno sconto del 15% sul canone.,"Cliente: Buongiorno, sono Paolo Ferri, responsabile acquisti di Termoidraulica Alfa.","Cliente: Buongiorno, sono Paolo Ferri, responsabile acquisti di Termoidraulica Alfa. Vi chiamo perché il contratto di manutenzione scade a fine marzo e vorremmo rinnovarlo, ma con un canone più basso.",no,filled from the answer key in pairs.jsonl
crm-03,not_supported,la fonte non lo dice (sostegno massimo p=0.01),Termoidraulica Alfa vuole disdire il contratto di manutenzione.,"Cliente: Buongiorno, sono Paolo Ferri, responsabile acquisti di Termoidraulica Alfa. Vi chiamo perché il contratto di manutenzione scade a fine marzo e vorremmo rinnovarlo, ma con un canone più basso.","Cliente: Buongiorno, sono Paolo Ferri, responsabile acquisti di Termoidraulica Alfa. Vi chiamo perché il contratto di manutenzione scade a fine marzo e vorremmo rinnovarlo, ma con un canone più basso.",no,filled from the answer key in pairs.jsonl
pa-11,not_supported,la fonte non lo dice (sostegno massimo p=0.01),The user's team is fully remote.,User: Our team moved standup from 9:00 to 10:00 because half of us are on Lisbon time now.,User: Our team moved standup from 9:00 to 10:00 because half of us are on Lisbon time now.,no,filled from the answer key in pairs.jsonl
crm-11,not_supported,la fonte non lo dice (sostegno massimo p=0.00),La riunione per la firma con lo Studio Zefiro & Partners si terrà online.,"Email di Giulia Zefiro (ufficio legale, Studio Zefiro & Partners), 14 febbraio: confermo che la riunione per la firma è spostata a giovedì 20 febbraio alle 15:00, presso la nostra sede di via Solferino.","Email di Giulia Zefiro (ufficio legale, Studio Zefiro & Partners), 14 febbraio: confermo che la riunione per la firma è spostata a giovedì 20 febbraio alle 15:00, presso la nostra sede di via Solferino.",no,filled from the answer key in pairs.jsonl
crm-05,not_supported,la fonte non lo dice (sostegno massimo p=0.02),Termoidraulica Alfa ha 12 tecnici sul campo.,Paolo Ferri: Al momento abbiamo 12 tecnici sul campo e ognuno usa la vostra app sul tablet. Entro l'estate ne assumiamo altri tre.,Paolo Ferri: Al momento abbiamo 12 tecnici sul campo e ognuno usa la vostra app sul tablet. Entro l'estate ne assumiamo altri tre.,yes,filled from the answer key in pairs.jsonl
crm-19,not_supported,numeri o date assenti nella fonte: 2022,Logistica Delta usa Windows Server 2022.,"Davide (IT di Logistica Delta): il server lo teniamo in casa, niente cloud, è una regola del gruppo.","Davide (IT di Logistica Delta): il server lo teniamo in casa, niente cloud, è una regola del gruppo. Abbiamo Windows Server 2019.",no,filled from the answer key in pairs.jsonl
pa-05,uncertain,sostegno debole (p=0.24),The user does not want meetings scheduled before 9:30 on weekdays.,"User: My daughter Sofia starts primary school in September, so mornings are going to be chaos. Don't schedule anything before 9:30 on weekdays.","User: My daughter Sofia starts primary school in September, so mornings are going to be chaos. Don't schedule anything before 9:30 on weekdays.",yes,filled from the answer key in pairs.jsonl
pa-04,supported,sostenuta (p=0.99),The user wants a reminder to book the airport transfer.,"User: I'm flying to Lisbon on the 14th for the conference, back on the 18th. Can you remind me to book the airport transfer?","User: I'm flying to Lisbon on the 14th for the conference, back on the 18th. Can you remind me to book the airport transfer?",yes,filled from the answer key in pairs.jsonl
crm-15,supported,sostenuta (p=0.98),Marta Villa ha chiesto una demo del modulo magazzino.,Nota della chiamata con Marta Villa (Ortofrutta Gamma): gestiscono ancora gli ordini con fogli Excel e vorrebbero una demo del modulo magazzino prima di decidere. Budget non ancora definito.,Nota della chiamata con Marta Villa (Ortofrutta Gamma): gestiscono ancora gli ordini con fogli Excel e vorrebbero una demo del modulo magazzino prima di decidere. Budget non ancora definito.,yes,filled from the answer key in pairs.jsonl
crm-08,supported,sostenuta (p=0.99),Paolo Ferri si è lamentato di un ritardo di due giorni del tecnico.,Paolo Ferri: L'ultima volta il vostro tecnico è arrivato con due giorni di ritardo e abbiamo dovuto fermare un cantiere.,Paolo Ferri: L'ultima volta il vostro tecnico è arrivato con due giorni di ritardo e abbiamo dovuto fermare un cantiere. Non deve ripetersi.,yes,filled from the answer key in pairs.jsonl
pa-01,supported,sostenuta (p=1.00),The user is flying to Lisbon on the 14th for a conference.,"User: I'm flying to Lisbon on the 14th for the conference, back on the 18th.","User: I'm flying to Lisbon on the 14th for the conference, back on the 18th. Can you remind me to book the airport transfer?",yes,filled from the answer key in pairs.jsonl
crm-20,supported,sostenuta (p=0.87),Davide è il responsabile IT di Logistica Delta.,"Davide (IT di Logistica Delta): il server lo teniamo in casa, niente cloud, è una regola del gruppo.","Davide (IT di Logistica Delta): il server lo teniamo in casa, niente cloud, è una regola del gruppo. Abbiamo Windows Server 2019.",no,filled from the answer key in pairs.jsonl
crm-13,supported,sostenuta (p=0.99),Ortofrutta Gamma gestisce gli ordini con fogli Excel.,Nota della chiamata con Marta Villa (Ortofrutta Gamma): gestiscono ancora gli ordini con fogli Excel e vorrebbero una demo del modulo magazzino prima di decidere. Budget non ancora definito.,Nota della chiamata con Marta Villa (Ortofrutta Gamma): gestiscono ancora gli ordini con fogli Excel e vorrebbero una demo del modulo magazzino prima di decidere. Budget non ancora definito.,yes,filled from the answer key in pairs.jsonl
crm-01,supported,sostenuta (p=1.00),Paolo Ferri è il responsabile acquisti di Termoidraulica Alfa.,"Cliente: Buongiorno, sono Paolo Ferri, responsabile acquisti di Termoidraulica Alfa.","Cliente: Buongiorno, sono Paolo Ferri, responsabile acquisti di Termoidraulica Alfa. Vi chiamo perché il contratto di manutenzione scade a fine marzo e vorremmo rinnovarlo, ma con un canone più basso.",yes,filled from the answer key in pairs.jsonl
pa-08,supported,sostenuta (p=0.99),The user is vegetarian but occasionally eats fish.,"User: I switched to a vegetarian diet last month, but I still eat fish now and then.","User: I switched to a vegetarian diet last month, but I still eat fish now and then.",yes,filled from the answer key in pairs.jsonl
pa-07,supported,sostenuta (p=1.00),The user's daughter Sofia starts primary school in September.,"User: My daughter Sofia starts primary school in September, so mornings are going to be chaos. Don't schedule anything before 9:30 on weekdays.","User: My daughter Sofia starts primary school in September, so mornings are going to be chaos. Don't schedule anything before 9:30 on weekdays.",yes,filled from the answer key in pairs.jsonl
crm-10,supported,sostenuta (p=0.94),La firma con lo Studio Zefiro & Partners è fissata per giovedì 20 febbraio alle 15:00.,"Email di Giulia Zefiro (ufficio legale, Studio Zefiro & Partners), 14 febbraio: confermo che la riunione per la firma è spostata a giovedì 20 febbraio alle 15:00, presso la nostra sede di via Solferino.","Email di Giulia Zefiro (ufficio legale, Studio Zefiro & Partners), 14 febbraio: confermo che la riunione per la firma è spostata a giovedì 20 febbraio alle 15:00, presso la nostra sede di via Solferino.",yes,filled from the answer key in pairs.jsonl
crm-02,supported,sostenuta (p=1.00),Il contratto di manutenzione di Termoidraulica Alfa scade a fine marzo.,"Cliente: Buongiorno, sono Paolo Ferri, responsabile acquisti di Termoidraulica Alfa. Vi chiamo perché il contratto di manutenzione scade a fine marzo e vorremmo rinnovarlo, ma con un canone più basso.","Cliente: Buongiorno, sono Paolo Ferri, responsabile acquisti di Termoidraulica Alfa. Vi chiamo perché il contratto di manutenzione scade a fine marzo e vorremmo rinnovarlo, ma con un canone più basso.",yes,filled from the answer key in pairs.jsonl
pa-10,supported,sostenuta (p=0.83),The user's team holds its standup at 10:00.,User: Our team moved standup from 9:00 to 10:00 because half of us are on Lisbon time now.,User: Our team moved standup from 9:00 to 10:00 because half of us are on Lisbon time now.,yes,filled from the answer key in pairs.jsonl
crm-18,supported,sostenuta (p=0.92),Logistica Delta non può usare soluzioni cloud per una regola del gruppo.,"Davide (IT di Logistica Delta): il server lo teniamo in casa, niente cloud, è una regola del gruppo.","Davide (IT di Logistica Delta): il server lo teniamo in casa, niente cloud, è una regola del gruppo. Abbiamo Windows Server 2019.",yes,filled from the answer key in pairs.jsonl
